id;email;name;date_of_birth
00a266ef-66c7-8f8c-8565-34abe24a72f4;client1@email.com;Client 1;1980-05-14
8b5e591d-9e54-662c-8b80-b545c59c63db;client2@email.com;Client 2;2010-01-26
8a718054-e99e-a19b-0073-1f946bb5eab2;client3@email.com;Client 3;1975-08-20
39decea9-e1eb-2881-a432-eb34e473d8ae;client4@email.com;Client 4;1997-06-15
c0da9706-99d0-72ec-61e2-d49ac2f7adb9;client5@email.com;Client 5;1997-06-22
2cea3df7-994a-7fe3-8c28-0ec0152dcb38;client6@email.com;Client 6;1997-04-14
de3de650-359f-7adb-c5f8-01728067280d;client7@email.com;Client 7;1994-10-16
cc68d38b-518f-30a2-3a4e-3cb8757fdef9;client8@email.com;Client 8;1997-10-22
a521c640-ed5f-4619-4f7c-cc0c3fc44b70;client9@email.com;Client 9;1993-08-04
dba69453-993c-48fb-7d1a-8e17ff58ed89;client10@email.com;Client 10;1992-12-03
83538bcc-952b-3d5f-ea69-7878c8c7816e;client11@email.com;Client 11;1998-03-29
a80fb054-b482-8b6d-2e4e-daafb23f2a4f;client12@email.com;Client 12;1995-05-13
e0f22284-3e9a-1212-46be-948a89dcc728;client13@email.com;Client 13;1992-11-06
082d4f52-a593-44e6-02de-bf5eb5a633ef;client14@email.com;Client 14;1997-05-11
d99da5d7-1460-c0b0-6b6e-95f32630d38b;client15@email.com;Client 15;1998-03-06
76cc4ea2-5816-8c96-b9e8-005a15370a5c;client16@email.com;Client 16;1977-11-14
4435a25d-f46a-cca0-f4d4-6131cfd85d9c;client17@email.com;Client 17;1996-01-27
6a8a2d0f-bf8c-9a01-1a30-a7094441fb6a;client18@email.com;Client 18;1994-12-03
8ab0ab18-ac2c-6d0b-bd33-1e6b65125abc;client19@email.com;Client 19;1995-10-26
1fc1c109-eabb-4af7-58b6-43cb551ddcf3;client20@email.com;Client 20;1992-12-21
bdb52c65-8cc7-557f-8fad-a5fdde434c88;client21@email.com;Client 21;1993-07-09
8dec4146-17ef-e430-94df-96429cd78218;client22@email.com;Client 22;1994-10-25
ab7a16df-8b8f-8982-de07-93ed376a36c3;client23@email.com;Client 23;1993-04-29
385a8a42-4bdc-d449-67f9-8b6e9ecdacc6;client24@email.com;Client 24;1998-01-31
b7baa8f8-be1d-b1bb-b0b2-ff7469ca21fe;client25@email.com;Client 25;2010-02-11
f09e2355-6a88-4757-01a8-655ec5be009a;client26@email.com;Client 26;1997-04-10
1f6cc129-c13a-7d34-3b0c-8f698ca5231f;client27@email.com;Client 27;1995-08-22
7e2f447d-90cb-8a1e-8e82-c88cb6030b4a;client28@email.com;Client 28;1992-05-23
e0ba8429-ec0e-7c72-9e7e-99ae14f85f0b;client29@email.com;Client 29;1978-08-25
5bd71bff-3661-b50a-c475-abad256b9a63;client30@email.com;Client 30;1993-08-26
84e10c9b-b4d7-a94d-862a-2abbc4c84719;client31@email.com;Client 31;1996-12-02
c62582cd-940d-784a-e68e-63a4cacb36ee;client32@email.com;Client 32;1995-01-21
72ea5445-74be-b42c-63d4-05ab85f08f0b;client33@email.com;Client 33;1993-12-20
2e1582ce-a8fc-cb91-8286-d1487e47228f;client34@email.com;Client 34;1997-06-24
fe99c52d-e6aa-b57a-e8c7-531603079958;client35@email.com;Client 35;1993-12-28
9630bc2d-6518-f47f-ba21-142568bd322c;client36@email.com;Client 36;1993-11-14
1384597a-59af-e09e-9b28-420f0f3722d6;client37@email.com;Client 37;1998-01-06
ddcec975-3d56-3bbd-4bcc-ed846944ef62;client38@email.com;Client 38;1992-10-02
209d4175-d3c7-1363-93b3-65eb19bd795b;client39@email.com;Client 39;1994-02-18
72164a24-044b-1892-96be-2a8bea3476e8;client40@email.com;Client 40;1997-07-27
d7e81a75-57b0-6f37-0101-ff31abb3bbc0;client41@email.com;Client 41;2012-08-08
984ea043-f796-5837-93c7-74ac210b8f32;client42@email.com;Client 42;1996-10-28
e1156fc2-566b-6acf-bcfd-96e453e5efd7;client43@email.com;Client 43;1992-11-18
63bce0f9-2bde-047f-8c77-80b024686eeb;client44@email.com;Client 44;1994-06-20
14a1a29c-0ae6-fbf7-2c41-bcaec245b29f;client45@email.com;Client 45;1994-03-25
053dfde2-aacb-edbe-28b5-dcd842cc8923;client46@email.com;Client 46;1994-10-30
bf9d66b1-707c-d949-07f0-cc630dfec2d0;client47@email.com;Client 47;1993-11-05
9af0d2b2-bc49-771b-4463-450ea0f749ab;client48@email.com;Client 48;1971-02-01
6c56ab11-d4fe-d93c-bd5d-3c2fe8369821;client49@email.com;Client 49;1996-07-25
c6c000f8-aba7-3b6d-fb1e-77289ea24aae;client50@email.com;Client 50;1996-10-28